window_id,session_id,run_id,app_id,condition,capture_source,start_s,end_s,duration_s,status,has_packets,packet_count,total_ip_bytes,packets_per_second,ip_bytes_per_second,schema_v1_features_available,ip_size_mean,outbound_packet_fraction,iat_mean,tcp_packet_fraction,udp_packet_fraction
chrome_exploratory_run01_retry02_control_0,chrome_exploratory_run01_retry02_control,chrome_exploratory_run01_retry02,chrome,device_control,pcapdroid_vpn_boundary_auxiliary,47.146763522000001,52.146763522000001,5,observed_empty,false,0,0,0,0,false,,,,,
chrome_exploratory_run01_retry02_control_1,chrome_exploratory_run01_retry02_control,chrome_exploratory_run01_retry02,chrome,device_control,pcapdroid_vpn_boundary_auxiliary,52.146763522000001,57.146763522000001,5,observed_empty,false,0,0,0,0,false,,,,,
chrome_exploratory_run01_retry02_control_2,chrome_exploratory_run01_retry02_control,chrome_exploratory_run01_retry02,chrome,device_control,pcapdroid_vpn_boundary_auxiliary,57.146763522000001,62.146763522000001,5,observed_nonempty,true,1,40,0.20000000000000001,8,true,40,0,0,1,0
chrome_exploratory_run01_retry02_control_3,chrome_exploratory_run01_retry02_control,chrome_exploratory_run01_retry02,chrome,device_control,pcapdroid_vpn_boundary_auxiliary,62.146763522000001,67.146763522000001,5,observed_empty,false,0,0,0,0,false,,,,,
chrome_exploratory_run01_retry02_control_4,chrome_exploratory_run01_retry02_control,chrome_exploratory_run01_retry02,chrome,device_control,pcapdroid_vpn_boundary_auxiliary,67.146763522000001,72.146763522000001,5,observed_empty,false,0,0,0,0,false,,,,,
chrome_exploratory_run01_retry02_control_5,chrome_exploratory_run01_retry02_control,chrome_exploratory_run01_retry02,chrome,device_control,pcapdroid_vpn_boundary_auxiliary,72.146763522000001,77.146763522000001,5,observed_nonempty,true,25,5333,5,1066.5999999999999,true,213.31999999999999,0.52000000000000002,0.0092439552148183193,0.92000000000000004,0.080000000000000002
chrome_exploratory_run01_retry02_control_6,chrome_exploratory_run01_retry02_control,chrome_exploratory_run01_retry02,chrome,device_control,pcapdroid_vpn_boundary_auxiliary,77.146763522000001,82.146763522000001,5,observed_empty,false,0,0,0,0,false,,,,,
chrome_exploratory_run01_retry02_control_7,chrome_exploratory_run01_retry02_control,chrome_exploratory_run01_retry02,chrome,device_control,pcapdroid_vpn_boundary_auxiliary,82.146763522000001,87.146763522000001,5,observed_empty,false,0,0,0,0,false,,,,,
chrome_exploratory_run01_retry02_control_8,chrome_exploratory_run01_retry02_control,chrome_exploratory_run01_retry02,chrome,device_control,pcapdroid_vpn_boundary_auxiliary,87.146763522000001,92.146763522000001,5,observed_empty,false,0,0,0,0,false,,,,,
chrome_exploratory_run01_retry02_control_9,chrome_exploratory_run01_retry02_control,chrome_exploratory_run01_retry02,chrome,device_control,pcapdroid_vpn_boundary_auxiliary,92.146763522000001,97.146763522000001,5,observed_empty,false,0,0,0,0,false,,,,,
chrome_exploratory_run01_retry02_control_10,chrome_exploratory_run01_retry02_control,chrome_exploratory_run01_retry02,chrome,device_control,pcapdroid_vpn_boundary_auxiliary,97.146763522000001,102.146763522,5,observed_empty,false,0,0,0,0,false,,,,,
chrome_exploratory_run01_retry02_control_11,chrome_exploratory_run01_retry02_control,chrome_exploratory_run01_retry02,chrome,device_control,pcapdroid_vpn_boundary_auxiliary,102.146763522,107.146763522,5,observed_empty,false,0,0,0,0,false,,,,,
chrome_exploratory_run01_retry02_foreground_0,chrome_exploratory_run01_retry02_foreground,chrome_exploratory_run01_retry02,chrome,foreground,pcapdroid_vpn_boundary_auxiliary,154.770659483,159.770659483,5,observed_nonempty,true,150,52017,30,10403.4,true,346.77999999999997,0.56000000000000005,0.0066201286827957872,0.81999999999999995,0.17999999999999999
chrome_exploratory_run01_retry02_foreground_1,chrome_exploratory_run01_retry02_foreground,chrome_exploratory_run01_retry02,chrome,foreground,pcapdroid_vpn_boundary_auxiliary,159.770659483,164.770659483,5,observed_nonempty,true,83,5965,16.600000000000001,1193,true,71.867469879518069,0.5662650602409639,0.038143376024757945,1,0
chrome_exploratory_run01_retry02_foreground_2,chrome_exploratory_run01_retry02_foreground,chrome_exploratory_run01_retry02,chrome,foreground,pcapdroid_vpn_boundary_auxiliary,164.770659483,169.770659483,5,observed_nonempty,true,28,4995,5.5999999999999996,999,true,178.39285714285714,0.5357142857142857,0.16157952061405889,0.5714285714285714,0.42857142857142855
chrome_exploratory_run01_retry02_foreground_3,chrome_exploratory_run01_retry02_foreground,chrome_exploratory_run01_retry02,chrome,foreground,pcapdroid_vpn_boundary_auxiliary,169.770659483,174.770659483,5,observed_nonempty,true,24,6235,4.7999999999999998,1247,true,259.79166666666669,0.45833333333333331,0.070452866346939744,0.54166666666666663,0.45833333333333331
chrome_exploratory_run01_retry02_foreground_4,chrome_exploratory_run01_retry02_foreground,chrome_exploratory_run01_retry02,chrome,foreground,pcapdroid_vpn_boundary_auxiliary,174.770659483,179.770659483,5,observed_nonempty,true,40,20054,8,4010.8000000000002,true,501.35000000000002,0.57499999999999996,0.10708300272623698,0.25,0.75
chrome_exploratory_run01_retry02_foreground_5,chrome_exploratory_run01_retry02_foreground,chrome_exploratory_run01_retry02,chrome,foreground,pcapdroid_vpn_boundary_auxiliary,179.770659483,184.770659483,5,observed_nonempty,true,12,3116,2.3999999999999999,623.20000000000005,true,259.66666666666669,0.5,0.37396574020385742,0.33333333333333331,0.66666666666666663
chrome_exploratory_run01_retry02_foreground_6,chrome_exploratory_run01_retry02_foreground,chrome_exploratory_run01_retry02,chrome,foreground,pcapdroid_vpn_boundary_auxiliary,184.770659483,189.770659483,5,observed_nonempty,true,39,22974,7.7999999999999998,4594.8000000000002,true,589.07692307692309,0.48717948717948717,0.0043377876281738281,0.41025641025641024,0.58974358974358976
chrome_exploratory_run01_retry02_foreground_7,chrome_exploratory_run01_retry02_foreground,chrome_exploratory_run01_retry02,chrome,foreground,pcapdroid_vpn_boundary_auxiliary,189.770659483,194.770659483,5,observed_nonempty,true,159,37144,31.800000000000001,7428.8000000000002,true,233.61006289308176,0.49685534591194969,0.026543481440483768,0.64150943396226412,0.35849056603773582
chrome_exploratory_run01_retry02_foreground_8,chrome_exploratory_run01_retry02_foreground,chrome_exploratory_run01_retry02,chrome,foreground,pcapdroid_vpn_boundary_auxiliary,194.770659483,199.770659483,5,observed_nonempty,true,75,3520,15,704,true,46.93333333333333,0.28000000000000003,0.061452227669793205,0.95999999999999996,0.040000000000000001
chrome_exploratory_run01_retry02_foreground_9,chrome_exploratory_run01_retry02_foreground,chrome_exploratory_run01_retry02,chrome,foreground,pcapdroid_vpn_boundary_auxiliary,199.770659483,204.770659483,5,observed_nonempty,true,3,120,0.59999999999999998,24,true,40,0,0.00065648555755615234,1,0
chrome_exploratory_run01_retry02_foreground_10,chrome_exploratory_run01_retry02_foreground,chrome_exploratory_run01_retry02,chrome,foreground,pcapdroid_vpn_boundary_auxiliary,204.770659483,209.770659483,5,observed_nonempty,true,7,340,1.3999999999999999,68,true,48.571428571428569,0.2857142857142857,0.27183198928833008,0.42857142857142855,0.5714285714285714
chrome_exploratory_run01_retry02_foreground_11,chrome_exploratory_run01_retry02_foreground,chrome_exploratory_run01_retry02,chrome,foreground,pcapdroid_vpn_boundary_auxiliary,209.770659483,214.770659483,5,observed_empty,false,0,0,0,0,false,,,,,
chrome_exploratory_run01_retry02_foreground_12,chrome_exploratory_run01_retry02_foreground,chrome_exploratory_run01_retry02,chrome,foreground,pcapdroid_vpn_boundary_auxiliary,214.770659483,219.770659483,5,observed_nonempty,true,175,48276,35,9655.2000000000007,true,275.86285714285714,0.54285714285714282,0.026246764194006206,0.69142857142857139,0.30857142857142855
chrome_exploratory_run01_retry02_foreground_13,chrome_exploratory_run01_retry02_foreground,chrome_exploratory_run01_retry02,chrome,foreground,pcapdroid_vpn_boundary_auxiliary,219.770659483,224.770659483,5,observed_nonempty,true,73,27007,14.6,5401.3999999999996,true,369.95890410958901,0.52054794520547942,0.051119347413380943,0.82191780821917804,0.17808219178082191
chrome_exploratory_run01_retry02_foreground_14,chrome_exploratory_run01_retry02_foreground,chrome_exploratory_run01_retry02,chrome,foreground,pcapdroid_vpn_boundary_auxiliary,224.770659483,229.770659483,5,observed_nonempty,true,92,64692,18.399999999999999,12938.4,true,703.17391304347825,0.56521739130434778,0.035592186581957473,0.021739130434782608,0.97826086956521741
chrome_exploratory_run01_retry02_foreground_15,chrome_exploratory_run01_retry02_foreground,chrome_exploratory_run01_retry02,chrome,foreground,pcapdroid_vpn_boundary_auxiliary,229.770659483,234.770659483,5,observed_nonempty,true,7,2862,1.3999999999999999,572.39999999999998,true,408.85714285714283,0.42857142857142855,0.72034013271331787,0.14285714285714285,0.8571428571428571
chrome_exploratory_run01_retry02_foreground_16,chrome_exploratory_run01_retry02_foreground,chrome_exploratory_run01_retry02,chrome,foreground,pcapdroid_vpn_boundary_auxiliary,234.770659483,239.770659483,5,observed_nonempty,true,4,2712,0.80000000000000004,542.39999999999998,true,678,0.5,0.033321062723795571,0,1
chrome_exploratory_run01_retry02_foreground_17,chrome_exploratory_run01_retry02_foreground,chrome_exploratory_run01_retry02,chrome,foreground,pcapdroid_vpn_boundary_auxiliary,239.770659483,244.770659483,5,observed_nonempty,true,16,1078,3.2000000000000002,215.59999999999999,true,67.375,0.5,0.13549885749816895,0,1
chrome_exploratory_run01_retry02_foreground_18,chrome_exploratory_run01_retry02_foreground,chrome_exploratory_run01_retry02,chrome,foreground,pcapdroid_vpn_boundary_auxiliary,244.770659483,249.770659483,5,observed_nonempty,true,4,276,0.80000000000000004,55.200000000000003,true,69,0.5,1.1887479623158772,0.25,0.75
chrome_exploratory_run01_retry02_foreground_19,chrome_exploratory_run01_retry02_foreground,chrome_exploratory_run01_retry02,chrome,foreground,pcapdroid_vpn_boundary_auxiliary,249.770659483,254.770659483,5,observed_nonempty,true,3,120,0.59999999999999998,24,true,40,0,0.00075399875640869141,1,0
chrome_exploratory_run01_retry02_foreground_20,chrome_exploratory_run01_retry02_foreground,chrome_exploratory_run01_retry02,chrome,foreground,pcapdroid_vpn_boundary_auxiliary,254.770659483,259.77065948300003,5.0000000000000284,observed_nonempty,true,1,40,0.20000000000000001,8,true,40,0,0,1,0
chrome_exploratory_run01_retry02_foreground_21,chrome_exploratory_run01_retry02_foreground,chrome_exploratory_run01_retry02,chrome,foreground,pcapdroid_vpn_boundary_auxiliary,259.77065948300003,264.77065948300003,5,observed_nonempty,true,2,111,0.40000000000000002,22.199999999999999,true,55.5,0.5,0.0620269775390625,0,1
chrome_exploratory_run01_retry02_foreground_22,chrome_exploratory_run01_retry02_foreground,chrome_exploratory_run01_retry02,chrome,foreground,pcapdroid_vpn_boundary_auxiliary,264.77065948300003,269.77065948300003,5,observed_nonempty,true,13,970,2.6000000000000001,194,true,74.615384615384613,0.53846153846153844,0.065299749374389648,0,1
chrome_exploratory_run01_retry02_foreground_23,chrome_exploratory_run01_retry02_foreground,chrome_exploratory_run01_retry02,chrome,foreground,pcapdroid_vpn_boundary_auxiliary,269.77065948300003,274.77065948300003,5,observed_nonempty,true,11,5660,2.2000000000000002,1132,true,514.5454545454545,0.54545454545454541,0.31790828704833984,0,1
chrome_exploratory_run01_retry02_background_0,chrome_exploratory_run01_retry02_background,chrome_exploratory_run01_retry02,chrome,background,pcapdroid_vpn_boundary_auxiliary,312.44286864899999,317.44286864899999,5,observed_empty,false,0,0,0,0,false,,,,,
chrome_exploratory_run01_retry02_background_1,chrome_exploratory_run01_retry02_background,chrome_exploratory_run01_retry02,chrome,background,pcapdroid_vpn_boundary_auxiliary,317.44286864899999,322.44286864899999,5,observed_empty,false,0,0,0,0,false,,,,,
chrome_exploratory_run01_retry02_background_2,chrome_exploratory_run01_retry02_background,chrome_exploratory_run01_retry02,chrome,background,pcapdroid_vpn_boundary_auxiliary,322.44286864899999,327.44286864899999,5,observed_empty,false,0,0,0,0,false,,,,,
chrome_exploratory_run01_retry02_background_3,chrome_exploratory_run01_retry02_background,chrome_exploratory_run01_retry02,chrome,background,pcapdroid_vpn_boundary_auxiliary,327.44286864899999,332.44286864899999,5,observed_nonempty,true,28,13223,5.5999999999999996,2644.5999999999999,true,472.25,0.42857142857142855,0.012036403020222982,0,1
chrome_exploratory_run01_retry02_background_4,chrome_exploratory_run01_retry02_background,chrome_exploratory_run01_retry02,chrome,background,pcapdroid_vpn_boundary_auxiliary,332.44286864899999,337.44286864899999,5,observed_empty,false,0,0,0,0,false,,,,,
chrome_exploratory_run01_retry02_background_5,chrome_exploratory_run01_retry02_background,chrome_exploratory_run01_retry02,chrome,background,pcapdroid_vpn_boundary_auxiliary,337.44286864899999,342.44286864899999,5,observed_empty,false,0,0,0,0,false,,,,,
chrome_exploratory_run01_retry02_background_6,chrome_exploratory_run01_retry02_background,chrome_exploratory_run01_retry02,chrome,background,pcapdroid_vpn_boundary_auxiliary,342.44286864899999,347.44286864899999,5,observed_empty,false,0,0,0,0,false,,,,,
chrome_exploratory_run01_retry02_background_7,chrome_exploratory_run01_retry02_background,chrome_exploratory_run01_retry02,chrome,background,pcapdroid_vpn_boundary_auxiliary,347.44286864899999,352.44286864899999,5,observed_nonempty,true,1,40,0.20000000000000001,8,true,40,0,0,1,0
chrome_exploratory_run01_retry02_background_8,chrome_exploratory_run01_retry02_background,chrome_exploratory_run01_retry02,chrome,background,pcapdroid_vpn_boundary_auxiliary,352.44286864899999,357.44286864899999,5,observed_empty,false,0,0,0,0,false,,,,,
chrome_exploratory_run01_retry02_background_9,chrome_exploratory_run01_retry02_background,chrome_exploratory_run01_retry02,chrome,background,pcapdroid_vpn_boundary_auxiliary,357.44286864899999,362.44286864899999,5,observed_nonempty,true,222,161828,44.399999999999999,32365.599999999999,true,728.95495495495493,0.48648648648648651,0.0046816379236419813,0.45945945945945948,0.54054054054054057
chrome_exploratory_run01_retry02_background_10,chrome_exploratory_run01_retry02_background,chrome_exploratory_run01_retry02,chrome,background,pcapdroid_vpn_boundary_auxiliary,362.44286864899999,367.44286864899999,5,observed_nonempty,true,2,80,0.40000000000000002,16,true,40,0.5,0.000408172607421875,1,0
chrome_exploratory_run01_retry02_background_11,chrome_exploratory_run01_retry02_background,chrome_exploratory_run01_retry02,chrome,background,pcapdroid_vpn_boundary_auxiliary,367.44286864899999,372.44286864899999,5,observed_empty,false,0,0,0,0,false,,,,,
chrome_exploratory_run01_retry02_background_12,chrome_exploratory_run01_retry02_background,chrome_exploratory_run01_retry02,chrome,background,pcapdroid_vpn_boundary_auxiliary,372.44286864899999,377.44286864899999,5,observed_empty,false,0,0,0,0,false,,,,,
chrome_exploratory_run01_retry02_background_13,chrome_exploratory_run01_retry02_background,chrome_exploratory_run01_retry02,chrome,background,pcapdroid_vpn_boundary_auxiliary,377.44286864899999,382.44286864899999,5,observed_empty,false,0,0,0,0,false,,,,,
chrome_exploratory_run01_retry02_background_14,chrome_exploratory_run01_retry02_background,chrome_exploratory_run01_retry02,chrome,background,pcapdroid_vpn_boundary_auxiliary,382.44286864899999,387.44286864899999,5,observed_empty,false,0,0,0,0,false,,,,,
chrome_exploratory_run01_retry02_background_15,chrome_exploratory_run01_retry02_background,chrome_exploratory_run01_retry02,chrome,background,pcapdroid_vpn_boundary_auxiliary,387.44286864899999,392.44286864899999,5,observed_empty,false,0,0,0,0,false,,,,,
chrome_exploratory_run01_retry02_background_16,chrome_exploratory_run01_retry02_background,chrome_exploratory_run01_retry02,chrome,background,pcapdroid_vpn_boundary_auxiliary,392.44286864899999,397.44286864899999,5,observed_empty,false,0,0,0,0,false,,,,,
chrome_exploratory_run01_retry02_background_17,chrome_exploratory_run01_retry02_background,chrome_exploratory_run01_retry02,chrome,background,pcapdroid_vpn_boundary_auxiliary,397.44286864899999,402.44286864899999,5,observed_empty,false,0,0,0,0,false,,,,,
chrome_exploratory_run01_retry02_background_18,chrome_exploratory_run01_retry02_background,chrome_exploratory_run01_retry02,chrome,background,pcapdroid_vpn_boundary_auxiliary,402.44286864899999,407.44286864899999,5,observed_empty,false,0,0,0,0,false,,,,,
chrome_exploratory_run01_retry02_background_19,chrome_exploratory_run01_retry02_background,chrome_exploratory_run01_retry02,chrome,background,pcapdroid_vpn_boundary_auxiliary,407.44286864899999,412.44286864899999,5,observed_empty,false,0,0,0,0,false,,,,,
chrome_exploratory_run01_retry02_background_20,chrome_exploratory_run01_retry02_background,chrome_exploratory_run01_retry02,chrome,background,pcapdroid_vpn_boundary_auxiliary,412.44286864899999,417.44286864899999,5,observed_empty,false,0,0,0,0,false,,,,,
chrome_exploratory_run01_retry02_background_21,chrome_exploratory_run01_retry02_background,chrome_exploratory_run01_retry02,chrome,background,pcapdroid_vpn_boundary_auxiliary,417.44286864899999,422.44286864899999,5,observed_nonempty,true,1,40,0.20000000000000001,8,true,40,0,0,1,0
chrome_exploratory_run01_retry02_background_22,chrome_exploratory_run01_retry02_background,chrome_exploratory_run01_retry02,chrome,background,pcapdroid_vpn_boundary_auxiliary,422.44286864899999,427.44286864899999,5,observed_empty,false,0,0,0,0,false,,,,,
chrome_exploratory_run01_retry02_background_23,chrome_exploratory_run01_retry02_background,chrome_exploratory_run01_retry02,chrome,background,pcapdroid_vpn_boundary_auxiliary,427.44286864899999,432.44286864899999,5,observed_nonempty,true,21,5089,4.2000000000000002,1017.8,true,242.33333333333334,0.52380952380952384,0.0093209028244018548,1,0
